ruta_relativa,tipo,bytes,fecha_modificacion_utc,sha256,duplicado_de,dimensiones_o_paginas,uso_propuesto
CAMI/ESTADOS DE WHATSAPP.docx,application/vnd.openxmlformats-officedocument.wordprocessingml.document,359617,2026-06-09T14:41:54+00:00,cbd071ad82554c0e0e8052f85525a9185e0a3fd464c9342c011a5b23e3a52145,,,Archivo de investigación; revisar antes de publicar
CAMI/WEB - CAMI /WEB BOMBO.docx,application/vnd.openxmlformats-officedocument.wordprocessingml.document,1094013,2026-07-02T10:27:40+00:00,66b5e71685fff093791901536a8504303ef0e5fcc2ba8c1e5982563d9597cbd3,,,Archivo de investigación; revisar antes de publicar
Catalogo/Abril /27-4 CATÁLOGO INT/27-4.ai,application/postscript,401471,2026-04-27T11:25:18+00:00,894cda097661a7a85eb81024b02b30b55e2430d9de45154515240fb65291e3a9,,,Identidad oficial; selección visual y contraste
Catalogo/Abril /27-4 CATÁLOGO INT/27-4_CTÁLOGO INT.png,image/png,215627,2026-04-29T10:44:28+00:00,b4e57210fb696e925130456c207e8c1f97d0d29249a592a2ce88eab5cb8208c0,,2808x2738,Identidad oficial; selección visual y contraste
Catalogo/Abril /29-4 CATÁLOGO EXT/29-4.ai,application/postscript,408868,2026-04-29T22:22:42+00:00,02ebb89e0ee2d180c6d7e0f32a7b66fda983419e50abfaad59f55dd40bf91f8b,,,Identidad oficial; selección visual y contraste
Catalogo/Abril /29-4 CATÁLOGO EXT/29-4_catálogo ext premium.png,image/png,453088,2026-04-30T08:42:18+00:00,6798780083d41144e043bf509410aa7bd7601fe58435e2cb0c73b82cb78833b4,,2807x4496,Identidad oficial; selección visual y contraste
Catalogo/Agosto/4-8 exterior premium.jpg,image/jpeg,1163805,2026-08-04T10:27:34+00:00,772c131cf1dd71d3981451c0b35c5802caf39073ce43a5506cb2193e6a91e3b4,,2250x3000,Identidad oficial; selección visual y contraste
Catalogo/Catalogo_Bombo-OCT.ai,application/postscript,541381,2025-10-28T14:18:46+00:00,94df1d9001520235ee2992e9e5fbe9f0a165ff0c421a0c6acb50cb713457ce7c,,,Identidad oficial; selección visual y contraste
Catalogo/Julio/21-7/21-7 interior premium.jpg,image/jpeg,903658,2026-07-21T11:29:22+00:00,85e3f106b0defbffff4ec63a0893b837880977fc7ab019e571a61917ed50db9c,,2250x3000,Identidad oficial; selección visual y contraste
Catalogo/Julio/21-7/21-7 interior y exterior.ai,application/postscript,484015,2026-07-21T11:28:38+00:00,80e493d327204375b88cfb8ecaf5eb48ed5eefa83a9bfad8484fb4127ad610b5,,,Identidad oficial; selección visual y contraste
Catalogo/Julio/21-7/21-7_exterior premium.jpg,image/jpeg,890838,2026-07-21T11:18:58+00:00,a0e8aba3c05c06def14f4188ab7f05258a500bf9ed177c76f9c2c2799e048aef,,2250x3000,Identidad oficial; selección visual y contraste
Catalogo/Julio/21-7/21-7_interior premium+.jpg,image/jpeg,1335856,2026-07-21T11:18:58+00:00,cfffa9b3dd42ef07adc2c310ddad1282f09545cbbf9f7e1da81a5641d41d5f58,,2250x3000,Identidad oficial; selección visual y contraste
Catalogo/Julio/21-7/comunicado_catalogo.jpg,image/jpeg,740638,2026-07-21T13:26:26+00:00,94ab5972f43a1ad2f1cf2a94d52e11e0fd1bc665b556e51600458f5bb42e007c,,2250x3000,Identidad oficial; selección visual y contraste
Catalogo/Julio/21-7/comunicado_estado.jpg,image/jpeg,810924,2026-07-21T13:26:26+00:00,a558fce690577498c1375ac66e16a036b646edfc17595a9ef6a89d025956fc51,,2250x4000,Identidad oficial; selección visual y contraste
Catalogo/Julio/21-7/extracciones-estado02.jpg,image/jpeg,1004009,2026-07-21T12:16:24+00:00,f5c714af9256af5a1fcee5c0a79c0d3e4f7a493040427ab8106dfc4be88f69ef,,2250x4000,Identidad oficial; selección visual y contraste
Catalogo/Julio/21-7/extracciones-estado03.jpg,image/jpeg,1455388,2026-07-21T12:16:24+00:00,3f0e01fc46696a4c1ee752d8c1554dca1c0799d7ed000d32bb36ad726e7d9257,,2250x4000,Identidad oficial; selección visual y contraste
Catalogo/Julio/21-7/extracciones_catálogo.jpg,image/jpeg,1116988,2026-07-21T12:16:22+00:00,53b7f587790b07a842dabab944759a691e1d3f1e66b65ebb401d520579b841bc,,2250x3000,Identidad oficial; selección visual y contraste
Catalogo/Julio/21-7/extracciones_productos_catálogo.jpg,image/jpeg,996714,2026-07-22T19:06:28+00:00,404ff2c555d9da8c5271a3e90ebf202a660e8046aaf45582f8443a76b67f858f,,2250x3000,Identidad oficial; selección visual y contraste
Catalogo/Julio/21-7/extracciones_productos_estado.jpg,image/jpeg,1183940,2026-07-22T19:06:28+00:00,ccb586c6cf0dab0301a1a3eaacb6dc17f54c13a38bb355efe0a7484f6719de7d,,2250x4000,Identidad oficial; selección visual y contraste
Catalogo/Julio/21-7/tarjeta beneficios_catálogo.jpg,image/jpeg,706510,2026-07-21T13:35:26+00:00,a39c44b8fc9e4a7e48da5d13df10dc9a01b3c00efc9550227f3677ae03576455,,2250x3000,Identidad oficial; selección visual y contraste
Catalogo/Julio/21-7/tarjeta beneficios_estado.jpg,image/jpeg,773182,2026-07-21T13:35:26+00:00,1207f31db95c1333210af4f8271226bcbc05df7fd04c390b56556f7a53a67bcf,,2250x4000,Identidad oficial; selección visual y contraste
Catalogo/Julio/27-7/21-7_interior premium+.jpg,image/jpeg,1335856,2026-07-27T09:22:14+00:00,cfffa9b3dd42ef07adc2c310ddad1282f09545cbbf9f7e1da81a5641d41d5f58,Catalogo/Julio/21-7/21-7_interior premium+.jpg,2250x3000,Identidad oficial; selección visual y contraste
Catalogo/Julio/27-7/27-7 interior premium-03.jpg,image/jpeg,1224047,2026-07-27T10:20:52+00:00,053640b3723d613370daef765b2823ee0c70c48d33284c1614f4481ca15ff8ca,,2250x3000,Identidad oficial; selección visual y contraste
Catalogo/Julio/27-7/Interior premium+Promos 15 y 30g-04.jpg,image/jpeg,634436,2026-07-27T09:17:26+00:00,b2fdc94c908135a364056dd18b44a1a066bef997b6450f449204e2526e044828,,2250x3000,Identidad oficial; selección visual y contraste
Catalogo/Julio/27-7/Promos 15 y 30_storys.jpg,image/jpeg,634596,2026-07-27T09:27:18+00:00,9a4b627fbc5cecd947f40e96db5c306d3622055c115c0d59bff7aed4793d786a,,2400x4128,Identidad oficial; selección visual y contraste
Catalogo/Julio/29-7/29-7.ai,application/postscript,413110,2026-07-29T15:50:32+00:00,2eda35dbd9b27abe23bf451d2419f8a25128924f7ff4e425409d63ca005c86af,,,Identidad oficial; selección visual y contraste
Catalogo/Julio/29-7/29-7.jpg,image/jpeg,1031199,2026-07-29T15:49:42+00:00,2161c275384969e2cfa20a7592a92e2cb2ce9c20876c264c479945ec64ae926a,,2250x3000,Identidad oficial; selección visual y contraste
Catalogo/Julio/7-7 interior.ai,application/postscript,400052,2026-07-07T08:16:30+00:00,df65c143aac62b90fa97ffe56860f8daf117416a5d6f304acf001e206538c2a2,,,Identidad oficial; selección visual y contraste
Catalogo/Junio/17-6/17-6 CATÁLOGO exterior.png,image/png,311673,2026-06-17T14:15:30+00:00,5e1ad88644b62c3cc59747c622d6c23a750b282a7c23b7d68a00b4cd0a1bbfb1,,4500x6000,Identidad oficial; selección visual y contraste
Catalogo/Junio/17-6/3-6.ai,application/postscript,428117,2026-06-17T14:41:30+00:00,5627ca530c27f0a9131ab34d51037b1794bc621624ed1f5ba16f637a3873c871,,,Identidad oficial; selección visual y contraste
Catalogo/Junio/17-6/NUEVA Tarjeta de fidelidad.png,image/png,1419427,2026-06-17T14:10:02+00:00,64d2374d39c3f0792087d689012be81e3c1587a75c05db168ef1b2da3f27796b,,4500x6000,Identidad oficial; selección visual y contraste
Catalogo/Junio/19-6/19-6.ai,application/postscript,396266,2026-06-19T12:05:12+00:00,a78dd57c06f64153f6bce4b0c54a50b70fe90ac0cdd7cff7de777ad8c2fa82fa,,,Identidad oficial; selección visual y contraste
Catalogo/Junio/19-6/Catálogo BOMBO interior premium.png,image/png,193483,2026-06-19T12:04:14+00:00,dca57969be566850f06b31b6e6c8ea9d16998aa3c0af70c3ac488ef6a52611b9,,2250x3000,Identidad oficial; selección visual y contraste
Catalogo/Junio/19-6/PDF BOMBO-3 (1).pdf,application/pdf,4325152,2026-06-19T13:07:16+00:00,16f6383814b3b8e7cec172472639b92df2442d9863c8edf30a11ef511721d701,,7 páginas,Identidad oficial; selección visual y contraste
Catalogo/Junio/22-6 /Promo interior.png,image/png,149487,2026-06-22T11:21:08+00:00,fa4e4a2c8ce3771c89485c01295861237ebc0240aab1955e35a890679c86e877,,4501x6000,Identidad oficial; selección visual y contraste
Catalogo/Junio/22-6 /Story_promo exterior.png,image/png,195448,2026-06-22T11:21:08+00:00,6e9240abb7fdee7a3915b7f03adc880181fbb742af8907ca1ec206073bcdf484,,4500x8000,Identidad oficial; selección visual y contraste
Catalogo/Junio/22-6 /Story_promo interior.png,image/png,172331,2026-06-22T11:21:08+00:00,fe8e206f2805f5ca11ed8a1da379fd68b6138037fc4fe1d85828d8445e27e770,,4501x8000,Identidad oficial; selección visual y contraste
Catalogo/Junio/23-6/PDF BOMBO-4.pdf,application/pdf,3806332,2026-06-23T12:39:36+00:00,378b23dd273a85a5168be7c9377e4f4c980806b2e36e86fc3872f61bbdb38740,,9 páginas,Identidad oficial; selección visual y contraste
Catalogo/Junio/24-6/interior_catalogo.png,image/png,148816,2026-06-24T09:51:04+00:00,dc2e925b3602a2b91433044e2f7fecb74556176a18d3d2f1aad7097aa9a9316a,,2250x3000,Identidad oficial; selección visual y contraste
Catalogo/Junio/24-6/interior_story.png,image/png,145645,2026-06-24T09:23:08+00:00,7aa7c34a667786feaf68d666a46d31fecf242dc4bf71ac55d9d71b153592f522,,2250x4000,Identidad oficial; selección visual y contraste
Catalogo/Junio/29-6/29-6 exterior.ai,application/postscript,401618,2026-06-29T12:21:28+00:00,6968ab94ea01c946764d23de144626b7c63fb4e794d4688049cd6f51b35e65b1,,,Identidad oficial; selección visual y contraste
Catalogo/Junio/29-6/29-6 exterior.png,image/png,585772,2026-06-29T12:26:06+00:00,79b265820bdda57603f05609e29f414e3b85ba458ed4d3705b415663154e1adf,,4500x6000,Identidad oficial; selección visual y contraste
Catalogo/Junio/29-6/29-6 interior.ai,application/postscript,378243,2026-06-29T12:38:26+00:00,cd5b234ef936d5ae050675d9e3638b3628f63f1091db27049e1d75406b521584,,,Identidad oficial; selección visual y contraste
Catalogo/Junio/29-6/29-6 interior.png,image/png,318988,2026-06-29T12:38:48+00:00,ad92d8e3be779e4443f1d388935031872876cc32c7bb24b773f3daf10bfe0f49,,4500x6000,Identidad oficial; selección visual y contraste
Catalogo/Junio/29-6/29-6 Promos 15 y 30g-04.png,image/png,369811,2026-06-29T12:47:20+00:00,b0958c159d59ca51c578532931936c81d12f012ab2b4a521f5eeaaa33de7cd0c,,4500x6000,Identidad oficial; selección visual y contraste
Catalogo/Junio/29-6/29-6 Promos 15 y 30g-05.png,image/png,379987,2026-06-29T12:47:20+00:00,a931c1d4f3a744ef97c4b10c26f6fc182fc1e9edf071ee33b64dae584a3c9d43,,4500x6000,Identidad oficial; selección visual y contraste
Catalogo/Junio/29-6/29-6_storys_Promos 15 y 30g(1).png,image/png,410869,2026-06-29T12:55:34+00:00,0f1408fbf3cbf042062c7d70ca863308af8ec6bbf3744dc53a412b10a5d1670e,,4500x8000,Identidad oficial; selección visual y contraste
Catalogo/Junio/29-6/29-6_storys_Promos 15 y 30g.png,image/png,400502,2026-06-29T12:55:44+00:00,293a886c0daba8dae21cc93f1240c13e1a689abd3653ea5125b03c59fd40fc62,,4500x8000,Identidad oficial; selección visual y contraste
Catalogo/Junio/29-6/Bombo - Nuevos productos-01.png,image/png,548308,2026-05-08T17:39:10+00:00,f1fe4906090cdcf69c0ea24c06f32b1979ba5e1e3062a09f1bd2ed3d8cd8e244,,1599x2000,Identidad oficial; selección visual y contraste
Catalogo/Junio/29-6/productos_1.png,image/png,1449754,2026-06-29T12:59:16+00:00,1589c6c1db94e603df6e56976fc86209102bfddc5e059edd608f14d538f64cb3,,4500x6000,Identidad oficial; selección visual y contraste
Catalogo/Junio/29-6/productos_2.png,image/png,707011,2026-06-29T12:59:24+00:00,81c9941dc15e673dc7b3ba38747c6830c0b54319fd4fa9d23b428b3d74da76d2,,4500x6000,Identidad oficial; selección visual y contraste
Catalogo/Junio/29-6/story-horario.png,image/png,357420,2026-06-29T13:07:36+00:00,387650217dc52fa8b7cdcb4a3be3aaebc4a2310ff87cb53b44e71a0b9d094f99,,4500x8000,Identidad oficial; selección visual y contraste
Catalogo/Junio/29-6/story-horario_1730.png,image/png,347990,2026-06-29T13:21:00+00:00,c4dfc2d3013638151d203651f31857ef318622391e43234c54d246c7bd435605,,4500x8000,Identidad oficial; selección visual y contraste
Catalogo/Junio/3-6/3-6.ai,application/postscript,402431,2026-06-03T14:38:44+00:00,3929ebf20f98cd612405da7570ae7eb003350d214c8141ca22b8d844e42d6ac8,,,Identidad oficial; selección visual y contraste
Catalogo/Junio/3-6/Catàlogo Bombo interior.png,image/png,315579,2026-06-03T14:38:38+00:00,6abfe4b58193fa20d1e2e9a68fc586bc833447333bf6af56f04891e7e1ac8bc3,,2250x3625,Identidad oficial; selección visual y contraste
Catalogo/Junio/5-6/flyers promos 19-5_ext.png,image/png,158007,2026-06-05T13:55:08+00:00,226675a5b3f0efa78d4e466d79acc6b9c2463b7bee1c7edc3fd7aff139b9bd1e,,2250x3000,Identidad oficial; selección visual y contraste
Catalogo/Junio/5-6/flyers promos 19-5_int.png,image/png,155091,2026-06-05T13:55:08+00:00,0ab716401588c94fa6391c35f9e65dc90055beac3fba88abab9eaf5546506a4a,,2250x3000,Identidad oficial; selección visual y contraste
Catalogo/Mayo/12-5/12-5.ai,application/postscript,379426,2026-05-12T17:11:14+00:00,facbf3bf7050367f03a602d6d2294877126d7e37eae6c9d5e4c8d1fd16309ba5,,,Identidad oficial; selección visual y contraste
Catalogo/Mayo/12-5/Tropical Kush.png,image/png,137287,2026-05-12T16:58:14+00:00,ae8382afef4e1c28a868f2b42e432618b81c01df4bc3429835c959a972535e56,,2250x3000,Identidad oficial; selección visual y contraste
Catalogo/Mayo/18-5/18-5 exterior.ai,application/postscript,372252,2026-05-18T13:17:32+00:00,854299a1dd493eabeb5639861b0d09e8ce58f22b0d48ffaed3e60b0709dbe460,,,Identidad oficial; selección visual y contraste
Catalogo/Mayo/18-5/18-5.ai,application/postscript,412701,2026-05-18T13:10:48+00:00,3311950f942f841e9d0dacfba1b9902e7d5435076a2ee3c46adb958655354b23,,,Identidad oficial; selección visual y contraste
Catalogo/Mayo/18-5/Bombo catálogo_intpremium y premium+png.png,image/png,275321,2026-05-19T09:42:46+00:00,78655426134cd1987b7856623b402af9578a274a05ed91e8d80d67b79ce31277,,1080x1440,Identidad oficial; selección visual y contraste
Catalogo/Mayo/18-5/Bombo_catálogo.png,image/png,241865,2026-05-18T13:10:00+00:00,7d6bb7d836204b980c5021a2260a3202a7c16f0783991fcf7271dba512329b57,,2250x3000,Identidad oficial; selección visual y contraste
Catalogo/Mayo/18-5/Bombo_catálogoEXTERIOR.png,image/png,129071,2026-05-18T13:18:46+00:00,aec354b1a8a164b9c97d5831e916ec9328449852c209cac6474e8ca63486b1a9,,2250x3000,Identidad oficial; selección visual y contraste
Catalogo/Mayo/6-5/6-5.ai,application/postscript,114755,2026-05-06T12:40:32+00:00,e1d8121e9b7f5c29f8c4b899748e278dd86cabd6e8d6d3c3b4d7dca11bf493dd,,,Identidad oficial; selección visual y contraste
Catalogo/Mayo/6-5/Catálogo EXT_6-5.jpg,image/jpeg,1429630,2026-05-06T12:39:04+00:00,263fbe3a8031d31bc76d36053b31012b28e25c96737826e831ba43ee4002ab40,,2807x3642,Identidad oficial; selección visual y contraste
Catalogo/Mayo/8-5/Catálogo .ai,application/postscript,132907,2026-05-08T15:32:14+00:00,f37020de1100977becf8f497b229ff631c02f04928b4fb2430c82881eb6bffa5,,,Identidad oficial; selección visual y contraste
Catalogo/Mayo/8-5/Catálogo ext.png,image/png,252819,2026-05-08T14:38:22+00:00,b454c68881f9517b5bc85eb45eabea8a272b3cf22de71c5028e26305ebe9e385,,2250x3000,Identidad oficial; selección visual y contraste
Catalogo/Mayo/8-5/Flyer gomitas.png,image/png,548308,2026-05-08T17:39:48+00:00,f1fe4906090cdcf69c0ea24c06f32b1979ba5e1e3062a09f1bd2ed3d8cd8e244,Catalogo/Junio/29-6/Bombo - Nuevos productos-01.png,1599x2000,Identidad oficial; selección visual y contraste
Catalogo/Mayo/8-5/Flyer Kief.png,image/png,1097372,2026-05-08T14:54:56+00:00,9c7767f4bc612baaeb89186f06d31c03f37ee27c2d086b35d8b5f4e6970807c7,,2250x3000,Identidad oficial; selección visual y contraste
Catalogo/Mayo/8-5/Flyer pen.png,image/png,452430,2026-05-08T14:52:08+00:00,cfe147a822833f85fabd36338c5f6a9f9d1871dc16d0d2f39ef3981a2295b628,,2250x3000,Identidad oficial; selección visual y contraste
Catalogo/Mayo/8-5/Flyer promo .png,image/png,681842,2026-05-08T15:29:02+00:00,4b0d9e0021290fe4cd715ad8745032e901de5e7291c6388e43083550e749d9f6,,2250x3000,Identidad oficial; selección visual y contraste
Catalogo/Mayo/8-5/Flyer promo.ai,application/postscript,5711097,2026-05-08T15:27:52+00:00,de31b28501cdb9ef64d5c92805998545cc299baff410e2f99e7d9283b905aa98,,,Identidad oficial; selección visual y contraste
Catalogo/Promos 15 y 30g.ai,application/postscript,416563,2026-06-22T11:31:08+00:00,a7411ba559ffecc33b20323dd549756776c860d023b65165047378ddb1109470,,,Identidad oficial; selección visual y contraste
Etiquetas/Editables/BOMBO Etiquetas_Op1 Informe.txt,text/plain,1921,2025-02-04T21:14:26+00:00,eda9cc464bf09b773cd7f312b2cdd15c4e9fe4ccf0aa0b18a96f95b371ce816a,,,Referencia de empaque; no inferir fichas ni claims vigentes
Etiquetas/Editables/Etiqueta_Bombo_00.ai,application/postscript,607485,2025-07-14T20:15:12+00:00,1145a480476d65bfbe82263667a63f1ee6430b30d1e963ac7ed9680241c9e876,,,Referencia de empaque; no inferir fichas ni claims vigentes
Etiquetas/Editables/Etiqueta_EXT_IMPRESION.pdf,application/pdf,655725,2025-07-30T15:32:02+00:00,44dd35f83e43e405aeabb6ee1828d8c76cb6dfe44a9a2caa0271c56c19df8217,,7 páginas,Referencia de empaque; no inferir fichas ni claims vigentes
Etiquetas/Editables/Etiqueta_INT_IMPRESION_OCT.ai,application/postscript,1582972,2025-10-26T16:01:54+00:00,3aa23b754012b446a29201b7c88fc16e3c651517663bcaeabf62277793300450,,,Referencia de empaque; no inferir fichas ni claims vigentes
Etiquetas/Editables/Fonts/BricolageGrotesque_72pt-Light.ttf,font/ttf,91020,2024-09-04T19:11:20+00:00,af0fe4b1b87793ba0dd9fd6bbe48276a679329cdc112eb4670239e117d857712,,,Tipografía; comprobar licencia antes de distribución
Etiquetas/Editables/Fonts/BricolageGrotesque_72pt-SemiBold.ttf,font/ttf,90964,2024-09-04T19:11:20+00:00,3aa14f4caa54f139f45bcfd30ed1b3ef0db1970856715f96133d7f72d6ff14f5,,,Tipografía; comprobar licencia antes de distribución
Etiquetas/Editables/Links/9185570.png,image/png,32316,2023-06-27T14:22:38+00:00,fefe919feca45e9ff952dcfcf021f405db34bb1d28a646a5c0b887e236e73883,,3000x2000,Referencia de empaque; no inferir fichas ni claims vigentes
Etiquetas/Editables/Referencia/BOMBO Etiquetas_Op1_Mesa de trabajo 1 copia 10.jpg,image/jpeg,46279,2025-02-04T21:14:50+00:00,584f79fd51ef3ca93956c5b2b8dcc024a185943f423402865821e9ddd050af7c,,326x178,Referencia de empaque; no inferir fichas ni claims vigentes
Etiquetas/Editables/Referencia/BOMBO Etiquetas_Op1_Mesa de trabajo 1 copia 11.jpg,image/jpeg,70633,2025-02-04T21:14:48+00:00,1b33b06bb951f3d60568e70c68008afe88631cd52bb80682047d52531eb03fbf,,414x532,Referencia de empaque; no inferir fichas ni claims vigentes
Etiquetas/Editables/Referencia/BOMBO Etiquetas_Op1_Mesa de trabajo 1 copia 12.jpg,image/jpeg,70724,2025-02-04T21:14:50+00:00,5629c472b07eb835f4d6e23e3cf2f710fa8c4ed7b91e98e1968b3403903cde18,,414x532,Referencia de empaque; no inferir fichas ni claims vigentes
Etiquetas/Editables/Referencia/BOMBO Etiquetas_Op1_Mesa de trabajo 1 copia 13.jpg,image/jpeg,79003,2025-02-04T21:14:48+00:00,02042dd4ad00e836915fc6f0f186ac50cf6f9570c6e77bb7047d8a25e3c6766f,,415x532,Referencia de empaque; no inferir fichas ni claims vigentes
Etiquetas/Editables/Referencia/BOMBO Etiquetas_Op1_Mesa de trabajo 1 copia 14.jpg,image/jpeg,79788,2025-02-04T21:14:50+00:00,d7fd9043111c2001a24fab8932fcf003f9cc73cac8ba2c6b84cdc9788d20e4aa,,415x532,Referencia de empaque; no inferir fichas ni claims vigentes
Etiquetas/Editables/Referencia/BOMBO Etiquetas_Op1_Mesa de trabajo 1 copia 2.jpg,image/jpeg,55387,2025-02-04T21:14:50+00:00,6554805123cdcccedc43a79ea330fcd036fb18ca2ccd439c8def9db5b24edba0,,444x196,Referencia de empaque; no inferir fichas ni claims vigentes
Etiquetas/Editables/Referencia/BOMBO Etiquetas_Op1_Mesa de trabajo 1 copia 25.jpg,image/jpeg,75116,2025-02-04T21:14:48+00:00,e25d1ac7384e15c2a6fed7ac6513e4c151f5c6c70749876904e7e0c6c86c6e74,,414x532,Referencia de empaque; no inferir fichas ni claims vigentes
Etiquetas/Editables/Referencia/BOMBO Etiquetas_Op1_Mesa de trabajo 1 copia 26.jpg,image/jpeg,74400,2025-02-04T21:14:48+00:00,d6cd0b84e76c852c8c1eda626d73324013806c0bda535b09ec20d0c95f8d6282,,414x532,Referencia de empaque; no inferir fichas ni claims vigentes
Etiquetas/Editables/Referencia/BOMBO Etiquetas_Op1_Mesa de trabajo 1 copia 27.jpg,image/jpeg,77686,2025-02-04T21:14:48+00:00,1305a2fa22def2989263d401c5c2b8440d9f130ff2a5ec3ce6692970596ef459,,414x532,Referencia de empaque; no inferir fichas ni claims vigentes
Etiquetas/Editables/Referencia/BOMBO Etiquetas_Op1_Mesa de trabajo 1 copia 28.jpg,image/jpeg,67814,2025-02-04T21:14:48+00:00,dd75aeb96ac4396a9326a30757c1aa29d818040955c4146fe381d85885a596df,,414x532,Referencia de empaque; no inferir fichas ni claims vigentes
Etiquetas/Editables/Referencia/BOMBO Etiquetas_Op1_Mesa de trabajo 1 copia 29.jpg,image/jpeg,74555,2025-02-04T21:14:50+00:00,eef5de4659bd21d285a13be3d12460b917d8eea0c42c0f08f61dc1a3222ec497,,414x532,Referencia de empaque; no inferir fichas ni claims vigentes
Etiquetas/Editables/Referencia/BOMBO Etiquetas_Op1_Mesa de trabajo 1 copia 3.jpg,image/jpeg,70976,2025-02-04T21:14:48+00:00,47f6f9e95a589834ce4041df2a95ad446093704e866a848b994edb17af66b20e,,415x532,Referencia de empaque; no inferir fichas ni claims vigentes
Etiquetas/Editables/Referencia/BOMBO Etiquetas_Op1_Mesa de trabajo 1 copia 30.jpg,image/jpeg,80811,2025-02-04T21:14:50+00:00,1b7b2f572dd4d9a7f108f048727741ad54d7e64fdd146233b0067845c880388e,,414x532,Referencia de empaque; no inferir fichas ni claims vigentes
Etiquetas/Editables/Referencia/BOMBO Etiquetas_Op1_Mesa de trabajo 1 copia 31.jpg,image/jpeg,69455,2025-02-04T21:14:50+00:00,e5793305f51d7919f3a7c3553e9718938bdefdb5339ea8dda80bf79e60b3eac2,,414x532,Referencia de empaque; no inferir fichas ni claims vigentes
Etiquetas/Editables/Referencia/BOMBO Etiquetas_Op1_Mesa de trabajo 1 copia 32.jpg,image/jpeg,73939,2025-02-04T21:14:50+00:00,e976ee491660782a219dc74f9573462b62cea93cc6c70ab9ae7a091bdaa4e49e,,414x532,Referencia de empaque; no inferir fichas ni claims vigentes
Etiquetas/Editables/Referencia/BOMBO Etiquetas_Op1_Mesa de trabajo 1 copia 4.jpg,image/jpeg,73995,2025-02-04T21:14:48+00:00,aabcf67b04e42888094b41065854b533369d7cac7f0b4d19dde47ffc2dd168f7,,415x532,Referencia de empaque; no inferir fichas ni claims vigentes
Etiquetas/Editables/Referencia/BOMBO Etiquetas_Op1_Mesa de trabajo 1 copia 5.jpg,image/jpeg,68136,2025-02-04T21:14:50+00:00,05bde487dbbc490b10a3d41c475c1fb743e144ad60b92baeff184f1860b1b7f2,,414x532,Referencia de empaque; no inferir fichas ni claims vigentes
Etiquetas/Editables/Referencia/BOMBO Etiquetas_Op1_Mesa de trabajo 1 copia 6.jpg,image/jpeg,75155,2025-02-04T21:14:50+00:00,7ece89dfc4f8625d87d695e2af4abba137d5bdf093ea784c10cf81c089c5da30,,415x532,Referencia de empaque; no inferir fichas ni claims vigentes
Etiquetas/Editables/Referencia/BOMBO Etiquetas_Op1_Mesa de trabajo 1 copia 7.jpg,image/jpeg,73795,2025-02-04T21:14:50+00:00,5aa8734562a9b0efeab064adfcdf30caacb0dd78f30d0035fd8c23ce7f911fa2,,415x532,Referencia de empaque; no inferir fichas ni claims vigentes
Etiquetas/Editables/Referencia/BOMBO Etiquetas_Op1_Mesa de trabajo 1 copia 8.jpg,image/jpeg,55710,2025-02-04T21:14:50+00:00,f06f8e3dc8bfc3db711cbb4021ba5ffbb33eb74366a543f58ea84ffa8238ec88,,444x196,Referencia de empaque; no inferir fichas ni claims vigentes
Etiquetas/Editables/Referencia/BOMBO Etiquetas_Op1_Mesa de trabajo 1 copia 9.jpg,image/jpeg,53481,2025-02-04T21:14:50+00:00,69f0368efc8c9e1a6a9cf215d56fa8dca1a345a0a6277e8d9146972d609cbc25,,444x196,Referencia de empaque; no inferir fichas ni claims vigentes
Etiquetas/Editables/Referencia/BOMBO Etiquetas_Op1_Mesa de trabajo 1 copia.jpg,image/jpeg,42923,2025-02-04T21:14:50+00:00,d5eb798a1f28cfb72c67f32ea49edf26bd5849fc7633872c79b3c6f5475b2380,,326x178,Referencia de empaque; no inferir fichas ni claims vigentes
Etiquetas/Editables/Referencia/BOMBO Etiquetas_Op1_Mesa de trabajo 1.jpg,image/jpeg,67574,2025-02-04T21:14:48+00:00,2cdf20003595c424eebb5488867b93cb93b8d72cadd51293554f57a347b3545d,,414x532,Referencia de empaque; no inferir fichas ni claims vigentes
Etiquetas/Imprimir/Black mamba.ai,application/postscript,1472070,2026-04-14T15:39:32+00:00,d66cc546ac30f73abe885d901250327dca77aa6b21b53d98af727b829e4678a5,,,Referencia de empaque; no inferir fichas ni claims vigentes
Etiquetas/Imprimir/Bourbon street.ai,application/postscript,1474796,2026-05-18T10:41:12+00:00,2ab7eb34d329c51bd624677592738d71a6df0e9d2b23f2b401cc52306af00d42,,,Referencia de empaque; no inferir fichas ni claims vigentes
Etiquetas/Imprimir/Bud Chem.ai,application/postscript,1468954,2026-04-14T16:13:24+00:00,1ca4414591d5bc5fbf059d04f863b1b13cdf82a2d68293e10754bfc60a94e431,,,Referencia de empaque; no inferir fichas ni claims vigentes
Etiquetas/Imprimir/Celosa.ai,application/postscript,1466318,2026-04-14T16:08:40+00:00,fa2226e13fb3d2580f54d02d5a0da750853fc51165e4f30df49fbffbd7bed8cf,,,Referencia de empaque; no inferir fichas ni claims vigentes
Etiquetas/Imprimir/cherry pie.ai,application/postscript,1465188,2026-07-21T17:23:48+00:00,2fa6d0446f46af800dd72c657b489b9dc2aecf4eba6c096c6fc8834243c84dee,,,Referencia de empaque; no inferir fichas ni claims vigentes
Etiquetas/Imprimir/Choco OG.ai,application/postscript,1478266,2026-04-14T16:13:26+00:00,7e66842728437e83571f8df018730bb99c3013baee6c314980a3be9ee7ebd7b9,,,Referencia de empaque; no inferir fichas ni claims vigentes
Etiquetas/Imprimir/Cinderella 99.ai,application/postscript,1475237,2026-04-14T15:44:18+00:00,5ba87afcb505d94f0a47afd45a29a7805cccb229fb765d3c365d9408516bfaa2,,,Referencia de empaque; no inferir fichas ni claims vigentes
Etiquetas/Imprimir/Cinderella x choco.ai,application/postscript,1471115,2026-04-14T16:05:32+00:00,4c73bfa003cfb403c7d292e610ad06234c78fdb28b8434c5f878e5446d22fc25,,,Referencia de empaque; no inferir fichas ni claims vigentes
Etiquetas/Imprimir/Dos si choc.ai,application/postscript,1465824,2026-08-19T12:17:32+00:00,f57d5fb6abd56bc0183f8ec7d10f0244f386bfae826ea3c11cb997fcfd36ade5,,,Referencia de empaque; no inferir fichas ni claims vigentes
Etiquetas/Imprimir/Dos si dos.ai,application/postscript,1470936,2026-04-14T15:23:20+00:00,d94dfa9bde8f8cade312ea8ff6179c28b7673094b4944ace3c280fc6c62818f9,,,Referencia de empaque; no inferir fichas ni claims vigentes
Etiquetas/Imprimir/Dosis x gelato.ai,application/postscript,1473074,2026-04-14T16:13:08+00:00,11350acab9c88d2885f84d307fac9f35a35bdb50ddf0f29df2cf7be4af9e6c73,,,Referencia de empaque; no inferir fichas ni claims vigentes
Etiquetas/Imprimir/Exterior/apple Banana Zoap.ai,application/postscript,1472374,2026-04-16T14:22:16+00:00,ae6e9e127032a5b64660caac0f2b2ab6ebdfd52c472036bb5e24e6327f0b152e,,,Referencia de empaque; no inferir fichas ni claims vigentes
Etiquetas/Imprimir/Exterior/Black Russian.ai,application/postscript,1473357,2026-06-29T11:25:22+00:00,2cffcbc1779c35b6c9b5a5b56f49e5487123051ba945742ac35f488904036f31,,,Referencia de empaque; no inferir fichas ni claims vigentes
Etiquetas/Imprimir/Exterior/chuncana.ai,application/postscript,1469688,2026-06-29T11:02:48+00:00,9d507cef0346a507b2c4a5278e38d98d9c70f05805ca5c71a943fe97b9e9cfd1,,,Referencia de empaque; no inferir fichas ni claims vigentes
Etiquetas/Imprimir/Exterior/fancy watermelon.ai,application/postscript,1473648,2026-06-29T11:13:12+00:00,cc52f92234e8b6467b25c7852739e01b615594929da369ac63e3bf5098f7f935,,,Referencia de empaque; no inferir fichas ni claims vigentes
Etiquetas/Imprimir/Exterior/Hot Tub Time Machine.ai,application/postscript,1471801,2026-04-16T14:19:00+00:00,91f7ba948e6664e0312926ed9507c6445b5c7149e243e8c1bb4408cfb66eb49f,,,Referencia de empaque; no inferir fichas ni claims vigentes
Etiquetas/Imprimir/Exterior/Lemon Champ.ai,application/postscript,1474552,2026-06-29T10:56:58+00:00,9cf34b0d7afb86da9112205a1140b9ed705d7940199342712471c9aee93a8e11,,,Referencia de empaque; no inferir fichas ni claims vigentes
Etiquetas/Imprimir/Exterior/Lemon Tree.ai,application/postscript,1464468,2026-04-16T14:07:34+00:00,8a2e83255b3823f1a65a70779dcdb4530bf1cdec1d47d0e59380d62ee10ff641,,,Referencia de empaque; no inferir fichas ni claims vigentes
Etiquetas/Imprimir/Exterior/Melon Punch.ai,application/postscript,1468524,2026-06-29T11:34:34+00:00,da77efba2b41f9f0a16768c602af5a1c3161309c7afc8750536ec46f4e6dc9e1,,,Referencia de empaque; no inferir fichas ni claims vigentes
Etiquetas/Imprimir/Exterior/merengue.ai,application/postscript,1480850,2026-08-04T09:45:22+00:00,6fb7a38b00bb160b801f88b2d218106dc779e79dae92294f209ad6465828b71e,,,Referencia de empaque; no inferir fichas ni claims vigentes
Etiquetas/Imprimir/Exterior/Mimosa trop.ai,application/postscript,1468995,2026-04-29T15:20:28+00:00,fb2022aed89a35ad0a69bb7baaac7c9a2b12bb0f5121dd8c584f7b0ba8106cf2,,,Referencia de empaque; no inferir fichas ni claims vigentes
Etiquetas/Imprimir/Exterior/og kush x gorilla.ai,application/postscript,1473524,2026-08-04T09:53:30+00:00,57ebf046ef4e2d17d3c01929d11cb1c4a39a568425cc9bd0280ccae2830d8be7,,,Referencia de empaque; no inferir fichas ni claims vigentes
Etiquetas/Imprimir/Exterior/orange cookies.ai,application/postscript,1472308,2026-06-29T11:07:22+00:00,c1ae9f5f2592bd613718ab097673f14a50bd3e457a2c53324a2b312d89768b40,,,Referencia de empaque; no inferir fichas ni claims vigentes
Etiquetas/Imprimir/Exterior/Pinapple Chunk.ai,application/postscript,1473211,2026-04-29T14:40:58+00:00,42ee711bf5993f72b4f66a0882c389402f913eb1bc4f040e3f02ef173bfdf098,,,Referencia de empaque; no inferir fichas ni claims vigentes
Etiquetas/Imprimir/Exterior/santa maria gold.ai,application/postscript,1473673,2026-08-04T09:48:58+00:00,ce9948fc34afc1acdcf5d204a24d6502518f25c5209a810b3830dd0bc9a12324,,,Referencia de empaque; no inferir fichas ni claims vigentes
Etiquetas/Imprimir/Exterior/santanesia.ai,application/postscript,1485398,2026-08-04T09:42:12+00:00,a20b2cb767b1e3e4cae76946cbeaba54940c6e8c1d0d23d5068ff5da823aba8c,,,Referencia de empaque; no inferir fichas ni claims vigentes
Etiquetas/Imprimir/Exterior/Tangie Haze.ai,application/postscript,1470469,2026-04-29T15:36:02+00:00,254789fd9202ed4e0e7667c3cd467f6a28279702849b0751617f15c417bac1ee,,,Referencia de empaque; no inferir fichas ni claims vigentes
Etiquetas/Imprimir/funky cake.ai,application/postscript,1469297,2026-07-21T17:15:28+00:00,f187eccc033152cca6632194463c6ecdb8cfa6c51fb22c00e0b73a2623ed6629,,,Referencia de empaque; no inferir fichas ni claims vigentes
Etiquetas/Imprimir/gmo cookies.ai,application/postscript,1468461,2026-07-07T08:20:50+00:00,37b5aa722baac54387770ab65a3e973cd3dc06b4b7018fa53a677a92dea2497c,,,Referencia de empaque; no inferir fichas ni claims vigentes
Etiquetas/Imprimir/ice cream cake.ai,application/postscript,1475475,2026-04-14T14:36:32+00:00,58c18edca7c34b0655a89ca22e2ae2ab57159bd750873bc06267c446decb2ce8,,,Referencia de empaque; no inferir fichas ni claims vigentes
Etiquetas/Imprimir/Juanita.ai,application/postscript,1465587,2026-04-14T15:33:56+00:00,027e4fe7eb69bd6e9a44b2744d655ffc04637d9311a06d2b877566ec2baf58e0,,,Referencia de empaque; no inferir fichas ni claims vigentes
Etiquetas/Imprimir/lemon cherry gelato.ai,application/postscript,1492435,2026-05-18T11:02:54+00:00,af7fae623070e1b111388b0ecc06dfb66bb51a9d4075f3379aad4f29f1a0ea29,,,Referencia de empaque; no inferir fichas ni claims vigentes
Etiquetas/Imprimir/Monke Meet x toronja.ai,application/postscript,1472932,2026-04-14T15:00:36+00:00,5e61f6b28c8f96118fde940a1a7ba0e89294d61ed2b363ac44fc2ffdaaa50301,,,Referencia de empaque; no inferir fichas ni claims vigentes
Etiquetas/Imprimir/orange cookies-interior.ai,application/postscript,1481012,2026-07-21T17:07:42+00:00,2d0ca1dd93738b6a459d980c8275d5ee690ab0da0c474cf9db40a6baa0de288e,,,Referencia de empaque; no inferir fichas ni claims vigentes
Etiquetas/Imprimir/peyote karma.ai,application/postscript,1471635,2026-09-21T10:27:48+00:00,441039b745042a605b39cfab1d90144bc12c4c42721cbddce12f5f6e69ed9622,,,Referencia de empaque; no inferir fichas ni claims vigentes
Etiquetas/Imprimir/peyote purple.ai,application/postscript,1467694,2026-07-07T08:26:34+00:00,fd773a25434d3c80fa4fcd1fbd4a1f59fc8f2c53b6ad2d888c68a5dfc8515cc0,,,Referencia de empaque; no inferir fichas ni claims vigentes
Etiquetas/Imprimir/Pitu.ai,application/postscript,1466618,2026-04-14T15:11:40+00:00,08d5c64b0ec8db74a05275da3f593af6df3ed1e97908dae3a6836730e6203970,,,Referencia de empaque; no inferir fichas ni claims vigentes
Etiquetas/Imprimir/Presentación/Exterior.ai,application/postscript,1531947,2026-04-13T11:23:22+00:00,c79e0531fad8906a82cf23faefeaa617da502e07312ef7f25d01eb2667976673,,,Referencia de empaque; no inferir fichas ni claims vigentes
Etiquetas/Imprimir/Presentación/Interior-Exterior.ai,application/postscript,1556537,2026-04-13T11:14:28+00:00,74a58ec7a142e7df3715d59b2d46dddcc069e633bca06c71cc1bacc80751e4d7,,,Referencia de empaque; no inferir fichas ni claims vigentes
Etiquetas/Imprimir/Presentación/Interior.ai,application/postscript,1532164,2026-04-13T11:11:02+00:00,7f4086a7ae82ec3979eec271fe762e85ca89f0e51cb5f51da6f86d59b73eea75,,,Referencia de empaque; no inferir fichas ni claims vigentes
Etiquetas/Imprimir/Raskel Berrys.ai,application/postscript,1478406,2026-04-14T16:13:12+00:00,ef1dbce485dcfe86236e26e3f3b732959d6c21c01d3c6c7931ce16263d74de32,,,Referencia de empaque; no inferir fichas ni claims vigentes
Etiquetas/Imprimir/royal ak.ai,application/postscript,1465819,2026-07-07T08:36:08+00:00,4a15c7a259839a04e4537aa28873302cfbfe6530b234c0ab8dcd6e9294e02e7c,,,Referencia de empaque; no inferir fichas ni claims vigentes
Etiquetas/Imprimir/Sorvete.ai,application/postscript,1467029,2026-04-14T15:15:18+00:00,46038a54018e5d6b4fc5b21fcae82f88361506fa3c20ff0b4734598ba6f7a564,,,Referencia de empaque; no inferir fichas ni claims vigentes
Etiquetas/Imprimir/Sugus.ai,application/postscript,1468058,2026-04-14T15:18:54+00:00,aa2c4abf1b1b15ff8f6ac390d8af4ee1054e5b96769286e8650b84d852384c4c,,,Referencia de empaque; no inferir fichas ni claims vigentes
Etiquetas/Imprimir/Super Frosti Kush.ai,application/postscript,1475571,2026-04-14T15:58:28+00:00,a8e9b224a9b10833a2dbdb0f8214b090074af93cfd228d442618e68c8faee155,,,Referencia de empaque; no inferir fichas ni claims vigentes
Etiquetas/Imprimir/tangie diesel.ai,application/postscript,1469555,2026-07-21T17:20:08+00:00,d64e1774ce8cad0b8f7033039579c3daccaf7b1ed56d6f292fecadca3e17673c,,,Referencia de empaque; no inferir fichas ni claims vigentes
Etiquetas/Imprimir/Thouchen.ai,application/postscript,1468102,2026-04-14T16:13:14+00:00,0335bd5b0b82b233f594824efb32aaa4f48b4b3cca590de955807efd7600121c,,,Referencia de empaque; no inferir fichas ni claims vigentes
Etiquetas/Imprimir/Tropical Kush.ai,application/postscript,1475071,2026-04-14T16:50:30+00:00,5a97e4b5c4722af69912a34654d0902569c8cb444f8f53b3612dcfbd325fad26,,,Referencia de empaque; no inferir fichas ni claims vigentes
Etiquetas/Imprimir/white mocha.ai,application/postscript,1466905,2026-05-18T10:52:54+00:00,41f15c4b3f0ba519cbfb25709762acbadf41dbfd2b03403eb65a72043c581ce1,,,Referencia de empaque; no inferir fichas ni claims vigentes
Etiquetas/Imprimir/white russian.ai,application/postscript,1474133,2026-05-18T11:21:46+00:00,a15080286663d5f485eea54a0c1981b23721d5450108ca4a9c642a546b02cd29,,,Referencia de empaque; no inferir fichas ni claims vigentes
Etiquetas/Imprimir/White widow.ai,application/postscript,1473820,2026-04-14T16:13:20+00:00,195c1ee65f7f30d63893afd0fc99d82b472be329c95fe784494408565b14f571,,,Referencia de empaque; no inferir fichas ni claims vigentes
Etiquetas/Imprimir/wizard fuel.ai,application/postscript,1468457,2026-05-18T11:09:46+00:00,8cc80706cbdb5b7dbb0717b71df1f74e3e8f1caeb354e49631673f8142f58566,,,Referencia de empaque; no inferir fichas ni claims vigentes
Etiquetas/Sticker_Redondo/Sticker_Redondo.pdf,application/pdf,360299,2025-10-28T09:26:50+00:00,be26321feeb4ff12a9346191daf34c144233c0670e400276b5065529be77af1f,,1 páginas,Referencia de empaque; no inferir fichas ni claims vigentes
Horas de diseño.xlsx,application/vnd.openxmlformats-officedocument.spreadsheetml.sheet,7155,2026-08-27T10:10:22+00:00,0792363a8e37fd99afbf3aaa9eb5865d63443654127743920671d3d3482939a2,,,Archivo de investigación; revisar antes de publicar
ID/BOMBO ID.pdf,application/pdf,35123331,2025-02-18T11:15:04+00:00,f1b9a97d035959b4381cf7e0f8eaf7f69a0ce7fd92685df002afe9f119e9aade,,25 páginas,Archivo de investigación; revisar antes de publicar
ID/BOMBO ID2.ai,application/postscript,16210663,2025-02-18T11:11:38+00:00,fa6f4bcf42f5645b49ff34b409c5d5ce4939439b93c1e72750d88110cde9f825,,,Archivo de investigación; revisar antes de publicar
ID/catálogo nuevo.ai,application/postscript,314687112,2026-08-21T16:37:58+00:00,e4d9f403602a5ffbbe193bb71b550d6ecfa894cac8b895ddc58db811cf9cc697,,,Identidad oficial; selección visual y contraste
ID/Fonts/BricolageGrotesque_72pt-Light.ttf,font/ttf,91020,2024-09-04T19:11:20+00:00,af0fe4b1b87793ba0dd9fd6bbe48276a679329cdc112eb4670239e117d857712,Etiquetas/Editables/Fonts/BricolageGrotesque_72pt-Light.ttf,,Tipografía; comprobar licencia antes de distribución
ID/Fonts/DarkerGrotesque-VariableFont_wght.ttf,font/ttf,90552,2024-03-18T10:41:32+00:00,42151819d6d12a6afa0ec9cf0354936438a80a3fed9d4d4f48290236a90bf66b,,,Tipografía; comprobar licencia antes de distribución
ID/Fonts/Geist-Light.ttf,font/ttf,78224,2024-11-06T19:49:28+00:00,b9baac192d07546044331542993979f2a16f76358dd015a55582548e27c415af,,,Tipografía; comprobar licencia antes de distribución
ID/Fonts/Geist-Regular.ttf,font/ttf,78244,2024-11-06T19:49:28+00:00,7ea18571fa0a1a05433b1a7bf4e9589cb8567a09105660d0d45d718baf4a3c65,,,Tipografía; comprobar licencia antes de distribución
"ID/Fonts/RobotoFlex-VariableFont_GRAD,XOPQ,XTRA,YOPQ,YTAS,YTDE,YTFI,YTLC,YTUC,opsz,slnt,wdth,wght.ttf",font/ttf,1684624,2024-02-28T19:14:34+00:00,6adcfe619c4ff33c186700c035e275e0b983c0f83a84b2f15288a810207586c4,,,Tipografía; comprobar licencia antes de distribución
ID/IG/Semana de los amigos/promo dia del amigo_Mesa de trabajo 1 copia 2.png,image/png,146101,2026-07-20T09:18:32+00:00,cc04c887866e1379097358cdf78b5731e098e5a587e5233d71fd1735c96314d7,,4501x6000,Referencia histórica; nunca importar precios o promociones actuales
ID/IG/Semana de los amigos/promo dia del amigo_Mesa de trabajo 1 copia.png,image/png,201294,2026-07-20T09:18:34+00:00,b9b9e98ad101bf43d5bc0e773af3d894de9f7042e58dbf76a1159f98bbb17b51,,4501x8000,Referencia histórica; nunca importar precios o promociones actuales
ID/IG/Semana de los amigos/promo dia del amigo_Mesa de trabajo 1.png,image/png,166450,2026-07-20T09:18:34+00:00,108b6329b56d72927fe5eab87bb9de38e9a37472b29421fb5486419e2ad83a58,,4500x6000,Referencia histórica; nunca importar precios o promociones actuales
ID/IG/Semana de los amigos/promo día del amigo.ai,application/postscript,282547,2026-07-20T09:18:02+00:00,4164f698ac56e6d78b8fba0c80ca0f7b6f19976a0154dc8733ff956e398edb29,,,Referencia histórica; nunca importar precios o promociones actuales
ID/IG/story 2-7.jpg,image/jpeg,125816,2026-07-03T08:28:14+00:00,db7cdfc93ecb2b563e30714d6095db57e098adcbe7795ba06d6c0d0cd9cfa687,,900x1600,Referencia social histórica; validar vigencia y derechos
ID/IG/STORY 3-7.png,image/png,535928,2026-07-03T08:26:42+00:00,db907fdbf59fbe54c587d604f5a1e1a19f7a5cdf638af20ff3ad89474ddce72d,,4500x8000,Referencia social histórica; validar vigencia y derechos
ID/IG/STORYS PROMOS CATÁLOGO /1.png,image/png,62439,2026-09-15T12:32:52+00:00,79c36b5ff4cdbcb6065e9d7120212085a31e8cb83dcbf75c83005d224e067751,,1080x1920,Identidad oficial; selección visual y contraste
ID/IG/STORYS PROMOS CATÁLOGO /2.png,image/png,61419,2026-09-15T12:32:52+00:00,293273f844d96ac58769018f776d0653a87b9c6494166f00c037feea6122e01d,,1080x1920,Identidad oficial; selección visual y contraste
ID/IG/STORYS PROMOS CATÁLOGO /3.png,image/png,64493,2026-09-15T12:32:52+00:00,657e70387adeca2bb63cea7444b2d0e4133dbf83a5c2eb3188ee50444b6da9f7,,1080x1920,Identidad oficial; selección visual y contraste
ID/IG/STORYS PROMOS CATÁLOGO /4.png,image/png,57571,2026-09-15T12:32:52+00:00,8c3ed762dfdf1d4bdf75dc0623019bbffd070884f69c876b1ad7b590a1eaf382,,1080x1920,Identidad oficial; selección visual y contraste
ID/IG/STORYS PROMOS CATÁLOGO /5.png,image/png,4235401,2026-09-15T12:32:52+00:00,4d56da9d63cf78f9eecb63708d4d9037eebdc90ee56cb07e90d9fff74d37389a,,1080x1920,Identidad oficial; selección visual y contraste
ID/IG/storys.ai,application/postscript,210553207,2026-06-17T13:41:00+00:00,ce3ca6723f3c40aeee5158a56f55337c6a2487332ce61922d6cfe0ab961b13e0,,,Referencia social histórica; validar vigencia y derechos
ID/IG/STORYS_1.png,image/png,4532820,2026-06-18T13:40:04+00:00,61454fab2838c2fcbd46a9e05b7941f8f1d769aef67bead50b4e73ad06e29f80,,4500x8000,Referencia social histórica; validar vigencia y derechos
ID/IG/STORYS_2.png,image/png,28777817,2026-06-17T12:13:00+00:00,60d86c056efb9c3ae4694a2354e484a35c09332fdd8278b977dd44e7c62d5f17,,4500x8000,Referencia social histórica; validar vigencia y derechos
ID/IG/STORYS_3.png,image/png,15887625,2026-06-17T12:13:00+00:00,b61defe0005741ad7f7b2b70c2472adf039706ce3a1acc2ca3baafaad3c80dc1,,4500x8000,Referencia social histórica; validar vigencia y derechos
ID/IG/STORYS_4.png,image/png,16843829,2026-06-17T12:12:58+00:00,4c068007250d8e50612fd0b85f1876727b56c033246219610d782f7acce9b48e,,4500x8000,Referencia social histórica; validar vigencia y derechos
ID/IG/STORYS_5.png,image/png,10672180,2026-06-17T12:13:00+00:00,720741588a86c305a05549aed85d12f7df4d906d9d3537c1674cc3a1f52dc603,,4500x8000,Referencia social histórica; validar vigencia y derechos
ID/IG/STORYS_6.png,image/png,329740,2026-06-17T12:12:56+00:00,392fe073c7476eaba8f31e956ae26938982e61746a485fedb6e4478f873c709d,,4500x8000,Referencia social histórica; validar vigencia y derechos
ID/Links/farmers-hold-marijuana-cannabis-trees-their-farms.jpg,image/jpeg,10259899,2024-11-19T21:59:04+00:00,7d34c70c1366ed6d1a69aa36d816217b8ed29cea768cdd627cfbe5ce2eb62e66,,5760x3840,Archivo de investigación; revisar antes de publicar
ID/Links/Indieground_PhotocopyNoise_Textures_01.jpg,image/jpeg,8946407,2018-05-14T05:21:42+00:00,0d80901df647faf880acdfff9eda7d97d281bdcc69f0d9999aebc78e5f26ae7c,,3000x4500,Archivo de investigación; revisar antes de publicar
ID/Links/marijuana-flower-bud (1).jpg,image/jpeg,4058701,2024-10-16T19:28:38+00:00,568d400edf535ec31a5dd981f47d7884e9e43018b7f4eda6aaba4c3fda256b29,,3888x2592,Archivo de investigación; revisar antes de publicar
ID/Links/scientist-test-cannabis-product-curative-indoor-cannabis-farm.jpg,image/jpeg,3156715,2024-11-19T21:11:50+00:00,373e706ba39da4fd2870b7c8106e04e93f4090a77fe2a86ea009b5fadb039c92,,3840x2160,Archivo de investigación; revisar antes de publicar
ID/Logo+iso/BOMBO-Logotipo.ai,application/postscript,322692,2025-02-12T21:12:18+00:00,a0f9e2d760b8f388aea2f5d08b7d0f926be58eacf007f104b9452b246c58532a,,,Identidad oficial; selección visual y contraste
ID/Logo+iso/Bombo_Logotipo-Blanco+Bajada.png,image/png,25783,2025-02-12T21:11:52+00:00,d9475ff0a2622203da1d8848820c073cf3e1ab46c2bb5ad234f1d09eb17e0779,,1351x1351,Identidad oficial; selección visual y contraste
ID/Logo+iso/Bombo_Logotipo-Blanco.png,image/png,19858,2025-02-12T21:11:52+00:00,e3957cf8f89418c7b7b1e40db473b9942ce54a8f287cbf1fd1ffce252afd6ed8,,1351x1351,Identidad oficial; selección visual y contraste
ID/Logo+iso/Bombo_Logotipo-Color+Bajada.png,image/png,26128,2025-02-12T21:11:52+00:00,87f77d37e704fc0cf12a2e41b384d80ec969ba4c6e175d2b3570e0ba0a99ef43,,1351x1351,Identidad oficial; selección visual y contraste
ID/Logo+iso/Bombo_Logotipo-Color.png,image/png,19974,2025-02-12T21:11:52+00:00,e4904ae373a2c802c5f6a977eaaf186d41fa60659245bfa000d3a6846d91a037,,1351x1351,Identidad oficial; selección visual y contraste
ID/Logo+iso/Bombo_Logotipo-Negro+Bajada.png,image/png,25942,2025-02-12T21:11:52+00:00,bb26b3167a31e1af5db7cdc2108dec68d216e2ffb39effbbf7fc40cd0bcd1bd9,,1351x1351,Identidad oficial; selección visual y contraste
ID/Logo+iso/Bombo_Logotipo-Negro.png,image/png,20013,2025-02-12T21:11:52+00:00,3b1c3f9003f31a992be3b1a860cdf792977b54ff1c45afa3ee7f32f4e8bff8cb,,1351x1351,Identidad oficial; selección visual y contraste
ID/rediseño sistema visual (1) (1).ai,application/postscript,537785505,2026-08-21T16:37:48+00:00,1067c8d528919987f28b52692329c7bef3c2c526b91909ac77bb83ffce67087d,,,Archivo de investigación; revisar antes de publicar
ID/Uso de colores.ai,application/postscript,268155,2026-09-17T15:10:18+00:00,22440bd43c58da1bed3e41cd2cc04032e5cd762739b3df932ee5d4b43b8cc919,,,Identidad oficial; selección visual y contraste
LANDING/IMAGENES/aceite.jpg,image/jpeg,361839,2026-07-09T11:05:32+00:00,3046a684a1126ae389651d8b85cd7a65c93728769e3459a43e8dd41c7a5bb535,,900x600,Referencia visual para vista previa; derechos de publicación pendientes
LANDING/IMAGENES/comestibles.jpg,image/jpeg,532965,2026-07-09T11:24:58+00:00,7990d3f60045d58ea3ac92ad2d5d9c773518a2b19f094e74be92280bf7a84a5e,,900x600,Referencia visual para vista previa; derechos de publicación pendientes
LANDING/IMAGENES/flores.jpg,image/jpeg,358861,2026-07-09T10:59:10+00:00,7b1803435925f6fbb0ce3debe2356c979f098d278346fc74fd59cd30687ee270,,400x588,Referencia visual para vista previa; derechos de publicación pendientes
LANDING/IMAGENES/home.jpg,image/jpeg,1044626,2026-07-09T13:23:20+00:00,13816de4a7fea488bbd335d494faf031f2759f5b27ee80619a6869c9d85ef9a5,,5184x3456,Referencia visual para vista previa; derechos de publicación pendientes
LANDING/IMAGENES/quienes somos.jpg,image/jpeg,12354946,2026-07-09T08:57:34+00:00,c1dcae860dc49e3b0f90e321b38324b4898e7bcfed7b1ef58ae81946f6719196,,9504x6336,Referencia visual para vista previa; derechos de publicación pendientes
LANDING/IMAGENES/topicos.jpg,image/jpeg,472325,2026-07-09T11:18:30+00:00,067bb6607f83e9773561d522b2e7ff9f8bdb81042b865c5afa9a8477e41f1528,,902x600,Referencia visual para vista previa; derechos de publicación pendientes
LANDING/MAQUETA LANDING.pdf,application/pdf,7286278,2026-07-09T13:25:34+00:00,7f0b8da958a8114e574283001934672045ea79033d934eca9d5519f3055e7643,,1 páginas,Referencia de contenido y composición web
LANDING/Referencias componentes.pdf,application/pdf,379265,2026-07-10T10:35:36+00:00,70f518271de43d6c9e526c154c75ae0765ef882b9ba452524b2ca3676da9f273,,1 páginas,Referencia de contenido y composición web
LANDING/Tipografías/BricolageGrotesque_72pt-Light (1).ttf,font/ttf,91020,2026-02-18T12:48:02+00:00,af0fe4b1b87793ba0dd9fd6bbe48276a679329cdc112eb4670239e117d857712,Etiquetas/Editables/Fonts/BricolageGrotesque_72pt-Light.ttf,,Tipografía; comprobar licencia antes de distribución
LANDING/Tipografías/BricolageGrotesque_72pt-SemiBold (1).ttf,font/ttf,90964,2026-02-18T12:49:56+00:00,3aa14f4caa54f139f45bcfd30ed1b3ef0db1970856715f96133d7f72d6ff14f5,Etiquetas/Editables/Fonts/BricolageGrotesque_72pt-SemiBold.ttf,,Tipografía; comprobar licencia antes de distribución
LANDING/íconos/Icono_beneficios.svg,image/svg+xml,2125,2026-07-09T13:57:54+00:00,6d1d31127648c739c27efda98a56668e5cdb2987b6ba5a9311769bdd584a50a0,,,Referencia de contenido y composición web
LANDING/íconos/Icono_comestibles.svg,image/svg+xml,4416,2026-07-09T13:57:54+00:00,f4e5585ab376e1b876bb4638d8842319cacc11b10edb253a47ff13135940f148,,,Referencia de contenido y composición web
LANDING/íconos/Icono_extractos.svg,image/svg+xml,1301,2026-07-09T13:57:54+00:00,d9e959fe51913551b4993e045dd93c994ecca78bbc408b1050e5a9d26eb2ce43,,,Referencia de contenido y composición web
LANDING/íconos/Icono_flores.svg,image/svg+xml,1717,2026-07-09T13:57:54+00:00,61e579d161f3440316175d42a03e877414ea63e3be30a528854b5817713377b1,,,Referencia de contenido y composición web
LANDING/íconos/Icono_formulario.svg,image/svg+xml,3350,2026-07-09T13:57:54+00:00,8e462a668d495b8bed23158d5d8fa1a0ff653aa2d10b94c635900fafb7a66fcd,,,Referencia de contenido y composición web
LANDING/íconos/Icono_inscibite.svg,image/svg+xml,2792,2026-07-09T13:57:54+00:00,826f77833e299aab8b2b07dc8515f726d049c15048e9020701b5d2a245bf14c4,,,Referencia de contenido y composición web
LANDING/íconos/Icono_instagram.svg,image/svg+xml,1398,2026-07-09T13:57:54+00:00,3a713aad52fa74517be63d7396d096a2c650fdd750a5e610f35adfdc04074ec8,,,Referencia de contenido y composición web
LANDING/íconos/Icono_topicos.svg,image/svg+xml,1213,2026-07-09T13:57:54+00:00,fa7d5f71a4145a26b96c41bfa596b3d8d31703981a3ae1a42c1ed806a5fb1e35,,,Referencia de contenido y composición web
Planificación de contenido - Bombo.xlsx,application/vnd.openxmlformats-officedocument.spreadsheetml.sheet,6176,2026-06-24T08:00:08+00:00,dd86e187b0bf567bbfa4de454aec53b2c80d7ea1aae00d328033712bfcd3884b,,,Archivo de investigación; revisar antes de publicar
Promociones/ BOMBO PROMO.pdf,application/pdf,1867893,2026-05-10T19:33:46+00:00,1582b340266ebbb674b324fb2222bebe1269d1c5cf83c0cc81f443f91fe1449f,,6 páginas,Referencia histórica; nunca importar precios o promociones actuales
Promociones/19-5/flyers promos 19-5.ai,application/postscript,402176,2026-05-19T07:50:34+00:00,8316e29cc367c3b56200b0c6ddf3e1d146177347e0f2a086ad0c89a22a0c377d,,,Referencia histórica; nunca importar precios o promociones actuales
Promociones/19-5/flyers promos 19-5_ext.png,image/png,169152,2026-05-19T08:15:04+00:00,bfa1243e5f8af4997a8afb62787904245e7495b116bb04a816353da98072f1e7,,2250x3000,Referencia histórica; nunca importar precios o promociones actuales
Promociones/19-5/flyers promos 19-5_int+.png,image/png,98391,2026-05-19T09:50:24+00:00,2fd5e29d0d5167f9f357f6e763d127dd68f0b2e6b6fb5dfcac4664b68a3ee217,,1080x1440,Referencia histórica; nunca importar precios o promociones actuales
Promociones/19-5/flyers promos 19-5_int.png,image/png,169009,2026-05-19T08:15:04+00:00,d6684762eb8d1ce070e4bf6a9cd877d07114fbffbda28614b3c92dd672a6668d,,2250x3000,Referencia histórica; nunca importar precios o promociones actuales
Promociones/BOMBO EXT-04.png,image/png,97799,2026-04-18T12:38:06+00:00,e08967b895e9e68f6d2d637232189f4b8da11cce03b4e194c3faacfd5ae8c1e1,,1685x1913,Referencia histórica; nunca importar precios o promociones actuales
Promociones/BOMBO PROMO.pdf,application/pdf,1867893,2026-05-10T19:32:22+00:00,1582b340266ebbb674b324fb2222bebe1269d1c5cf83c0cc81f443f91fe1449f,Promociones/ BOMBO PROMO.pdf,6 páginas,Referencia histórica; nunca importar precios o promociones actuales
Promociones/Cargador y cartucho ELFTHC sobre fondo blanco (1) (1) copia.png,image/png,299203,2026-04-18T08:15:00+00:00,68961f30553a087917a46ab434148fe916b71f79cdd39a70381a63f3ca59b9e5,,1024x431,Referencia histórica; nunca importar precios o promociones actuales
Promociones/flyer productos.ai,application/postscript,2239650,2026-04-18T10:05:42+00:00,d83edbdd57cffdb81216c01baaa40b1850779889c944c37601397ff8ea41faed,,,Referencia histórica; nunca importar precios o promociones actuales
Promociones/flyer productos_Mesa de trabajo 1 copia.png,image/png,1078723,2026-04-18T09:59:36+00:00,f896e8ffd95457a5b7b548f74b1f595d4c6b22bcdce614c9192016e4914ee10c,,2250x2813,Referencia histórica; nunca importar precios o promociones actuales
Promociones/flyer productos_Mesa de trabajo 1.png,image/png,472073,2026-04-18T09:59:36+00:00,4d651f769980e41c3b65ba7d68998b62d43bacbbfe5c61ca7c948e2cd374c812,,2250x2813,Referencia histórica; nunca importar precios o promociones actuales
Promociones/Montículo de kief sobre fondo blanco (2) copia.png,image/png,940597,2026-04-18T08:34:46+00:00,973050c228e4bdda37b8e08313f5462012f467fc48e0c8fd68b6d24b7669835a,,1024x1536,Referencia histórica; nunca importar precios o promociones actuales
RRSS/BOMBO ID_RRSS.ai,application/postscript,3081241,2025-06-04T22:47:52+00:00,badaedcfa99f3d78100d9b1e698ef423e32abc06232726e6a645a8d6cdadec3c,,,Referencia social histórica; validar vigencia y derechos
RRSS/Export/BOMBO ID_RRSS_Avatar-01.jpg,image/jpeg,118138,2025-02-18T11:15:50+00:00,4800c9ce2bb8e83bd5f113ae57d283a02f2035ba6f2132d29e6c77738995da96,,1876x1876,Referencia social histórica; validar vigencia y derechos
RRSS/Export/BOMBO ID_RRSS_Avatar-02.jpg,image/jpeg,139721,2025-02-18T11:15:50+00:00,39f581471f843ac457e8580517efb7542b45e3772e5e82de6c907bb7c6deba28,,1876x1876,Referencia social histórica; validar vigencia y derechos
RRSS/Export/BOMBO ID_RRSS_Botones Destacadas-14.jpg,image/jpeg,133083,2025-02-18T11:16:26+00:00,9afc9c5ebdda4a295f084152dab8f26abe5a39d06beedbdf8226b2ccba83ecdf,,1501x2668,Referencia social histórica; validar vigencia y derechos
RRSS/Export/BOMBO ID_RRSS_Botones Destacadas-15.jpg,image/jpeg,123814,2025-02-18T11:16:26+00:00,f20f107a1708a04e9fbd9aeb046920ffd0423d957b4e699c73da28b43be1f42a,,1501x2668,Referencia social histórica; validar vigencia y derechos
RRSS/Export/BOMBO ID_RRSS_Botones Destacadas-16.jpg,image/jpeg,121861,2025-02-18T11:16:26+00:00,37178252a9e7c17170a4cd2e510e073e04f3aa6f97dcd0e6d075cbdee376c856,,1501x2668,Referencia social histórica; validar vigencia y derechos
RRSS/Export/BOMBO ID_RRSS_Botones Destacadas-17.jpg,image/jpeg,118464,2025-02-18T11:16:26+00:00,6875a62474404c7b689dd369b6c033554a3671d562ee8194eba438fefdfbf523,,1501x2668,Referencia social histórica; validar vigencia y derechos
RRSS/Export/BOMBO ID_RRSS_Post-11.jpg,image/jpeg,1743246,2025-02-18T11:16:16+00:00,0ef2e5efdfee969ad16c81afb9567fb100d71551bf95ac5428c273df7e3037c6,,1500x1876,Referencia social histórica; validar vigencia y derechos
RRSS/Export/BOMBO ID_RRSS_Post-12.jpg,image/jpeg,840312,2025-02-18T11:16:20+00:00,d4ef5f2685ae68bd674e403850e89ff9a97ca22f923de962f8d94ce01a4b8bd5,,1501x1876,Referencia social histórica; validar vigencia y derechos
RRSS/Export/BOMBO ID_RRSS_Post-13.jpg,image/jpeg,1989836,2025-02-18T11:16:24+00:00,83b62292144864346ab8395b94f7d0651172886fabeeed135f2731a0072a275d,,1501x1876,Referencia social histórica; validar vigencia y derechos
RRSS/Export/BOMBO ID_RRSS_Stories-03.jpg,image/jpeg,204821,2025-02-18T11:15:52+00:00,0f86886e0e4db10e265d80c86100a6c82b78fa9d09bc88fa53c3b13c84829ca5,,1500x2668,Referencia social histórica; validar vigencia y derechos
RRSS/Export/BOMBO ID_RRSS_Stories-04.jpg,image/jpeg,935407,2025-02-18T11:15:56+00:00,fb18d5d024007789e2c25c444da83faba65de28796ccc6e0202fe2848438802b,,1501x2668,Referencia social histórica; validar vigencia y derechos
RRSS/Export/BOMBO ID_RRSS_Stories-05.jpg,image/jpeg,280198,2025-02-18T11:15:56+00:00,84ff77ea449a2c5949ee3eff16c622611baab4c1e3adab42e8a6f62f2f98297e,,1501x2668,Referencia social histórica; validar vigencia y derechos
RRSS/Export/BOMBO ID_RRSS_Stories-06.jpg,image/jpeg,1031618,2025-02-18T11:15:58+00:00,62d8a0c2cfb6ddbd09decf1eaca8c3fe808deccf0078b9f6f343544804a5e0cc,,1501x2668,Referencia social histórica; validar vigencia y derechos
RRSS/Export/BOMBO ID_RRSS_Stories-07.jpg,image/jpeg,260745,2025-02-18T11:16:00+00:00,a6d17872f699e06e1483f63d1737f18d80ec1c6f8d5076a123a3fbe72bb302fc,,1501x2668,Referencia social histórica; validar vigencia y derechos
RRSS/Export/BOMBO ID_RRSS_Stories-08.jpg,image/jpeg,386811,2025-02-18T11:16:00+00:00,be20a29f750c05045dfd7062dc543ccbedff93128c116716cf836743702a29f6,,1501x2668,Referencia social histórica; validar vigencia y derechos
RRSS/Export/BOMBO ID_RRSS_Stories-09.jpg,image/jpeg,1905740,2025-02-18T11:16:06+00:00,9ddee4f58e6f369c6209110110e687aa1445b6f47c8160e6aa1eb4f0773821d4,,1501x2668,Referencia social histórica; validar vigencia y derechos
RRSS/Export/BOMBO ID_RRSS_Stories-10.jpg,image/jpeg,2262585,2025-02-18T11:16:14+00:00,d23067aded44b2dc55afdf8d480e923b1f93e8376c502ad578d0af3f0ca31d07,,1501x2668,Referencia social histórica; validar vigencia y derechos
RRSS/Fonts/BricolageGrotesque_72pt-Light.ttf,font/ttf,91020,2024-09-04T19:11:20+00:00,af0fe4b1b87793ba0dd9fd6bbe48276a679329cdc112eb4670239e117d857712,Etiquetas/Editables/Fonts/BricolageGrotesque_72pt-Light.ttf,,Tipografía; comprobar licencia antes de distribución
RRSS/Fonts/BricolageGrotesque_72pt-SemiBold.ttf,font/ttf,90964,2024-09-04T19:11:20+00:00,3aa14f4caa54f139f45bcfd30ed1b3ef0db1970856715f96133d7f72d6ff14f5,Etiquetas/Editables/Fonts/BricolageGrotesque_72pt-SemiBold.ttf,,Tipografía; comprobar licencia antes de distribución
"RRSS/Fonts/RobotoFlex-VariableFont_GRAD,XOPQ,XTRA,YOPQ,YTAS,YTDE,YTFI,YTLC,YTUC,opsz,slnt,wdth,wght.ttf",font/ttf,1684624,2024-02-28T19:14:34+00:00,6adcfe619c4ff33c186700c035e275e0b983c0f83a84b2f15288a810207586c4,"ID/Fonts/RobotoFlex-VariableFont_GRAD,XOPQ,XTRA,YOPQ,YTAS,YTDE,YTFI,YTLC,YTUC,opsz,slnt,wdth,wght.ttf",,Tipografía; comprobar licencia antes de distribución
RRSS/Links/farmers-hold-marijuana-cannabis-trees-their-farms.jpg,image/jpeg,10259899,2024-11-19T21:59:04+00:00,7d34c70c1366ed6d1a69aa36d816217b8ed29cea768cdd627cfbe5ce2eb62e66,ID/Links/farmers-hold-marijuana-cannabis-trees-their-farms.jpg,5760x3840,Referencia social histórica; validar vigencia y derechos
RRSS/Links/Indieground_PhotocopyNoise_Textures_01.jpg,image/jpeg,8946407,2018-05-14T05:21:42+00:00,0d80901df647faf880acdfff9eda7d97d281bdcc69f0d9999aebc78e5f26ae7c,ID/Links/Indieground_PhotocopyNoise_Textures_01.jpg,3000x4500,Referencia social histórica; validar vigencia y derechos
RRSS/Links/marijuana-flower-bud (1) alta.jpg,image/jpeg,12261258,2025-06-04T22:20:26+00:00,ebcdf98f83d8bdfc0dea92d31077feae8e12c0bdaef0715dec60de75303c8191,,7776x6494,Referencia social histórica; validar vigencia y derechos
RRSS/Links/marijuana-leaves-cannabis-beautiful-background 2 alta.jpg,image/jpeg,12001678,2025-06-04T22:42:28+00:00,93d4da9dd8d0be200faa27d9ed4ba0663b7f7b1c19a6c7601ebfbd006b9f907b,,11280x7520,Referencia social histórica; validar vigencia y derechos
RRSS/Links/scientist-test-cannabis-product-curative-indoor-cannabis-farm (1) alta.jpg,image/jpeg,4084132,2025-06-04T21:22:40+00:00,cc2d267aa27876f550d0c460ec44b03ea376bcc1a35f7f500eb9fb853d16cfaa,,7680x4320,Referencia social histórica; validar vigencia y derechos
Tarjeta de fidelidad/Stickers/FLYERS TARJETA BENEFICIOS_catálogo.jpg,image/jpeg,1723020,2026-07-30T12:25:46+00:00,782add573bfd0140af76f29cb7cee58e12770b6c7a5dd65258dfa476335480b0,,2250x3000,Identidad oficial; selección visual y contraste
Tarjeta de fidelidad/Stickers/FLYERS TARJETA BENEFICIOS_estado.jpg,image/jpeg,2131230,2026-07-30T12:25:30+00:00,21887b9ee290dc0d61a0f5c4c05d81abf59dde6e7d03ab205a12de6419c122c7,,2250x4000,Archivo de investigación; revisar antes de publicar
Tarjeta de fidelidad/Stickers/FLYERS TARJETA BENEFICIOS_promo_catálogo.jpg,image/jpeg,426577,2026-07-30T12:26:14+00:00,82cbb37b3408caa773222df8d3f0da260625533b20c7f44c167319d327b59663,,2250x3000,Identidad oficial; selección visual y contraste
Tarjeta de fidelidad/Stickers/FLYERS TARJETA BENEFICIOS_promo_estado.jpg,image/jpeg,456738,2026-07-30T12:26:02+00:00,b91987359a777e9250a1e7a0001a7e084524c782c3301100468f60fd74c44f45,,2250x4000,Referencia histórica; nunca importar precios o promociones actuales
Tarjeta de fidelidad/Stickers/Stickers_imprimir.ai,application/postscript,1415154,2026-07-30T10:30:44+00:00,7e2c0f3bc62fa7a8802f1bdea5e5837e4e8003523721b396d03b83397b6302a6,,,Archivo de investigación; revisar antes de publicar
Tarjeta de fidelidad/tarjeta de fidelidad IMPRIMIR.pdf,application/pdf,502360,2026-06-12T09:53:56+00:00,61e7b6fb0013f1e3d293efa63f7721675fad16add925802c85afac8b276be121,,1 páginas,Archivo de investigación; revisar antes de publicar
Tarjeta de fidelidad/tarjeta de fidelidad.ai,application/postscript,1505325,2026-06-12T09:49:58+00:00,c0920c8761ee7aa5b7cfa54506b95c5447f7566e8823a9c96a549eff5e494ffc,,,Archivo de investigación; revisar antes de publicar
Tarjeta de fidelidad/tarjeta de fidelidadOP2.ai,application/postscript,1479906,2026-06-10T13:55:16+00:00,529e3073a5fdd68d6844b712df1ad9b2c8a6ec50064be88a30e704822dba8f34,,,Archivo de investigación; revisar antes de publicar
